{"pitch": [-2.917079304729966, 11.391254536985798, 207.63098600266034, 46.77559025098983], "energy": [-1.431044578552246, 8.184337615966797, 37.3262167694904, 26.044180768112625]}