{"pitch": [-2.542873924196446, 10.34760116874723, 171.5334950601464, 68.1651627116365], "energy": [-1.2736358642578125, 9.418951988220215, 45.891353179887574, 37.054399349325905]}