{"pitch": [-2.542319125954573, 11.382234463834312, 165.82023523522489, 65.22400494193026], "energy": [-1.2371690273284912, 9.440300941467285, 42.67066245901974, 34.49056447571544]}