{"pitch": [-1.659426643201989, 11.2615834329855, 0.08315810846447289, 1.140907677084228], "energy": [-1.2576842308044434, 8.201102256774902, 0.026075040388223867, 1.028194067587489]}