{"pitch": [-1.8100944883227865, 12.931585103282183, 153.7560657950122, 51.61530507088834], "energy": [-1.2670685052871704, 8.458399772644043, 44.93361089956213, 35.46264893920377]}