{"pitch": [-1.659426643201989, 11.2615834329855, 153.7644332491097, 51.63328339104278], "energy": [-1.2576842308044434, 8.201102256774902, 44.65215701843777, 35.202492326318605]}