{"pitch": [-1.8096262824963183, 12.926920367372118, 153.7644332491097, 51.63328339104278], "energy": [-1.268437385559082, 8.528905868530273, 44.65215701843777, 35.202492326318605]}